,prule,accuracy,a
0,0.9952128153617411,0.7893946632088992,[0.11728395 0.98148148 1.4382716  2.99382716]
1,0.9927350209264213,0.7930116699651948,[2.05761317e-03 9.60905350e-01 9.81481481e-01 2.99382716e+00]
2,0.9900771655042716,0.7936941240701563,[0.01851852 0.99382716 1.16666667 2.94444444]
3,0.9920528998052075,0.7923292158602334,[0.11316872 0.9951989  1.54938272 2.99382716]
4,0.990393324398238,0.790213608134853,[2.05761317e-03 9.44444444e-01 9.81481481e-01 2.99382716e+00]
