,prule,accuracy,a
0,0.985286049559572,0.8993283159342883,[0.16666667 0.83333333 2.48765432 2.08024691]
1,0.8816327720613961,0.9044266407704136,[0.16666667 0.83196159 1.70987654 2.5       ]
2,0.9837140671111597,0.8968196164117505,[0.21604938 0.83333333 2.5        1.64814815]
3,0.9455594239647395,0.8994901675163874,[0.16666667 0.83333333 2.35185185 2.16666667]
4,0.7203257847353223,0.9011086833373796,[0.16666667 0.83333333 2.16666667 2.40123457]
